Unnamed: 0,target,0,6,7,69,67
0,-33.649386515666805,0.4856526592015651,0.2829111804546237,-2.175065732729032,-0.0567017765392787,0.4896760813860258
1,120.20149326572698,-0.8930876185542604,0.5856687003617339,-1.1090698011271227,-1.1094211608608406,0.9543793345247944
2,-141.70870446574003,0.4565874750259435,-0.0028948998348462,0.2508874690770326,0.1282163937120853,-0.3588864057627894
3,-184.0956356333095,-0.7651206840163663,-0.9889138073362032,-1.4344190057111923,-0.0598277603086758,0.9017513979455274
4,246.1794677299225,-0.3820823534109152,-1.1144276636475787,-0.5451629290730677,-1.0153444982654685,-0.7025473324581012
5,107.90156224233826,1.946352767939246,0.3854105568297909,0.1568138238944739,-0.5960863406214787,-0.3079482925870126
6,237.0200005021808,0.5477990931368711,1.186927820853355,0.9738996228685414,-0.64550659380911,-0.0851098072943382
7,-148.16773420229754,0.1021764075297873,0.6511805633725226,-0.4870114157697565,-0.9008914654849534,-0.972267029131734
8,13.381016956977032,-1.170219856021279,1.2157023135651668,-2.355317384520621,0.1786138652816439,0.4914803392016249
9,-107.4416780319271,-0.4923126084450833,0.1219122939778922,0.1133401036468957,0.663951333422238,-1.3020000816124588
10,-151.88532026036415,-0.1067645996779432,-0.5660682535968844,-0.676479781200338,0.1645553945603049,1.3208007037825775
11,119.99122457463876,-0.9497337456859056,0.8317428042846872,2.097664727181024,0.1983943078410372,-0.418713881887845
12,-83.20992789836853,0.0570571633461001,-0.3862286410982296,1.1091745750475943,0.773999258696345,0.0650348936458019
13,-221.47646718443056,-1.998785642537227,1.133844739840513,0.1562425173728218,0.3884128418432622,0.8325993628089392
14,231.1363263841752,0.8290615466128141,-0.1800164424942067,-2.1408117022470905,-1.4426236290978027,0.2724006569962916
15,178.36821921174538,0.0439373570798965,1.6687404223297082,0.2580103841618155,-0.3272426194676388,0.984703692266052
16,29.044888778996484,-0.2401571046243137,0.8729213855917329,-0.8922295762130091,-1.3795889404864146,1.240010319024019
17,-41.34984145701293,-0.6260308889955166,1.7608962188059147,0.7564099913742133,1.2395495474040568,-0.6360649343184012
18,146.4465679002705,-0.312545741168602,-1.6565847922116028,0.0227617861432752,1.804751274276199,0.2724197625570072
19,-238.5377264489963,0.1640304337013128,0.7252487702735305,0.5194456319253262,-0.5141304865589506,-0.5849906384431529
20,63.65830535648664,-2.167561541796012,1.1188613638612463,0.1257308902388161,-1.461649691064178,-0.5618434214282274
21,201.73640685407943,0.1518579515627966,1.8160987392879089,-0.8550690766106384,-0.6836159358999317,0.0184350591966672
22,-411.0311495794329,-1.7357647412478836,1.4186052365708957,-0.2268196510820437,1.0987468550462527,-0.6266570163835115
23,-206.18748105581125,0.3378692716172836,-0.4154631559555464,-0.2024118708575544,1.0206876389610955,1.6223012963835597
24,-77.2866556759277,-0.6908653693959197,0.0861024992712987,-0.3187227944392859,-0.4132278610220251,0.5855551570225381
25,-153.5904169169131,-1.2530385155473422,0.1930960311670336,-0.7700647713165061,-1.8608900285949457,0.4717535890453379
26,217.1897896633524,-0.8468086306615648,-0.9757507553867028,0.622221839355048,-0.4573179176214501,0.3925606114599457
27,-82.37118900408277,-0.4199713810141278,0.6221748485229701,1.0742230817126388,-0.5205005251334963,-0.044336593292192
28,-44.33469648210613,-1.8162224650571528,0.5120856042264227,-1.7849990292659657,0.3421024321086871,-1.515799771893878
29,-208.97091605850565,-0.818334064754623,1.2540970496620494,1.8693666061988063,0.0008114736096843,-0.5858516021503712
30,-41.91461143998166,0.1201051036845676,0.5454876470093817,-1.094604125820159,1.5754086896567043,0.997710197794706
31,16.30532307260158,0.4203981666597514,-0.8820019454145244,2.3964817316847284,-0.2240626168637091,-0.3606054391611117
32,-38.332400421118784,-0.617250009042554,-2.0760141740704774,0.8880209850276273,2.514804170397692,2.3770505946166183
33,197.680967920723,0.2207715641158651,0.3309356395185675,0.4640568205053515,0.7916194919234495,2.744741061524792
34,62.358330049986286,-0.8802013632638538,0.8859817695106955,-0.7376942247785403,-0.8949659933822003,1.7847217985289472
35,-69.06179592782665,2.260402876855195,-1.7624761933119673,1.0353102647968715,1.354500939263848,-1.2515848898783497
36,-167.40779949478275,-1.891484804073403,-0.4250675404918146,-0.5672332674988738,1.467271921622345,1.7710638970449804
37,75.32231609482201,-0.1980094508653896,-0.5067622236047876,1.1917925509425322,-0.27378640991524,1.0708080458595957
38,66.68987315803841,-0.6287057782148617,-0.0461998610896835,-0.2736142027314698,-1.249142686896228,0.6663994545889328
39,-1.661985753294866,-0.7967551555261208,0.8555320125404673,0.431126810802951,0.2787419801662399,-0.0782768754764494
40,123.64213142611992,1.3596025487461445,-0.1092010135241377,-0.0146837756005764,0.3857018321070996,0.2111974322162057
41,-23.05635307745718,1.1050087757767104,-0.9665188249572638,-0.7055665666304829,-0.5510387193814849,0.9077612485669806
42,-31.940487233732267,0.6596492499177583,-1.6054312197173697,-1.3210337634790572,-0.6019535512504534,-0.8581545323306186
43,-231.2153290700753,-0.4149916286041553,1.2174418330768315,1.2116476150186988,1.6415536601214435,-1.8551733254459168
44,267.3403526346612,-0.4231676386138476,-1.231632138133905,1.6447160930346458,-0.5180745767022786,1.1814640008002364
45,-12.299299099838816,0.9401475764201236,0.3203024005094547,-2.008649013314875,-0.5829972436662632,0.9598967000105034
46,-309.8875823958745,-0.1748030726839063,-0.1906250168511452,0.3406741096842514,0.564344868731388,0.057224186638201
47,155.10419505393196,0.5784401530280772,-0.7686455127845371,0.3662015785160755,0.4056233420727926,-0.1066856412260641
48,44.69665528461284,0.019029950910264,1.6258600279432045,0.7684378239729405,0.680180134546332,-1.0266508001129662
49,410.1614860286978,0.2290711699909463,-1.487461856195609,-0.1087357645101748,0.0956754916675064,0.9197524087150526
50,20.695858716879023,0.5440529031534017,-1.7689667927646278,-0.1201607669481598,0.806218015070059,-1.634076886407186
51,5.221382044801004,0.1090774322054518,0.3130424007692227,-0.9418561148611012,0.9223263191787876,3.262729581181162
52,456.48577011108506,1.1902559862787203,1.062546376448389,-0.5308377666564831,-0.4352610620348854,0.8712327753888232
53,-164.5738769728144,1.0027160457834563,-1.2702712999390713,1.0295381751556274,-0.0968327144490455,-0.83784673114875
54,-215.16624313764623,-1.1491073428708292,-0.2954106757681896,0.1208872236285646,1.0934390024844878,-1.261769278523083
55,25.85224570717377,-1.6571113512184656,2.0310986232490444,-1.0645077396499958,1.7863209758195782,-0.6994351157786619
56,-1.1011894702963558,0.5741622398242342,0.7079348596756234,-0.6162994533871932,0.5337590179132432,-0.0696379841564053
57,-137.97029274291432,-1.1413813546275295,1.169324919182887,0.4779128253777003,1.342926062097471,-0.0448635367103344
58,-1.413115028903049,-0.4061665145116988,-1.0500893521103989,0.3047498103196435,-0.0170053180821829,1.8784226587239143
59,24.25389159858734,-0.0526147673865443,0.2518389381189585,0.9269196738502324,-1.5440621132314245,0.5226222470025218
60,56.042986160736326,0.6223769616694826,0.8196767973771013,-0.9240756978463036,-1.454990712073032,0.0048816702636343
61,166.42330617015114,0.784264105778954,1.164940857670699,-0.7526426166493217,-0.3812223241651294,1.9830219826462576
62,161.49104974672886,0.8278776516344484,1.0647767571279,-2.174288980188139,-0.8021378696185066,-0.5868930721234135
63,-52.8688600023942,-1.3959006779365264,0.4489107631036115,0.8035263660535331,-0.2223866639770852,-0.7382038602988964
64,-104.68317323766324,-0.4029934455965018,-1.979408625715953,0.3834665201639458,-0.0125775150407619,0.8732945358992963
65,-373.6325968541701,-0.7969515825969364,-0.0724286481360435,1.2674763308321413,-0.4220934536397608,0.1294923582175923
66,-54.51608469171008,-0.5728650854002308,0.4812042528584055,-0.1182246261909212,1.0528725122809122,-0.3629717904309242
67,223.7163004335557,0.2146372801872029,-0.4220064089021281,0.1949541045872272,0.0875135423290776,1.6881690826722444
68,84.47338630130648,0.4124235692357266,0.138547133576892,2.211072374306841,-0.4365993534138548,-0.2062525442790258
69,-92.63698700530568,-0.366719443294985,1.6310837023892442,-0.6473296435817364,-0.3387933249223686,-0.2088284365336656
70,181.74920633069445,-0.1277718395077042,-0.5360456569035839,-0.3407196781337548,1.0773755443938284,-0.9365639976171514
71,95.59364070058986,0.3415960350251977,0.476215862338097,-0.5481532521388294,-0.2845162014769999,-1.5176185144297962
72,-69.46054974767429,-0.2494622716934181,-1.112176005699155,-0.5044041905415204,-0.7900137048404056,0.3742346251020584
73,-21.29315458209373,-3.2956216295456264,-0.2194340909106094,-0.1450255100104991,-1.0240434644948928,-0.4918867737758269
74,108.87849554314204,-1.5664949878283894,1.878638552654533,1.561000387342151,-0.238147094683388,0.724344240102987
75,-73.51775411182207,0.8888293263135176,-0.315803669334848,-0.9443836494024056,-0.7806994855903466,0.2403621237174327
76,76.45563682985052,0.0837266559055386,-1.0697798090284496,0.2397533448358771,-0.6453725974147795,-0.1143724419793298
77,-68.42568192420222,1.6906913190679764,-0.7557174959353645,-0.0587062294750801,0.1629929015081242,-0.1395533051859701
78,264.59759209259306,-0.979493112386076,0.1842131955902513,1.913091513347208,-2.1493634907750234,-0.4134017211012212
79,3.4213725324893267,-0.0007309769954316,1.0046158498617317,-1.6048825320262905,0.9064109409540764,0.8192232810740753
80,-354.35541821049594,-0.5528352302435734,-0.8926048078183102,0.7914008332564362,0.6371474694593775,-0.0331188521726731
81,-96.12440734316742,-0.4002403965475274,-0.1934629691421099,1.4086880915072784,-0.615231531954546,1.4619371938340606
82,177.05846808331555,1.5786999080399158,1.9172671548696807,-0.1569303358437906,1.380117564710645,0.0627632086479844
83,34.696259962094906,0.2318644653530019,-0.7489861659487723,0.3346092207236366,0.0392867936641862,-0.4998733279322909
84,38.11057461132616,-0.9967271861381012,-0.9997630402179812,-1.386082080621004,-1.697650602912251,-0.669629250326457
85,188.33772254102124,-0.4806126528760345,-0.3095048383038013,1.6166613576757276,-1.574214456657137,-1.4664523226406765
86,-135.8829423917303,0.7888755291701385,-0.5962600874049488,1.6524716267325563,-1.450040559437346,1.5929542733654996
87,174.99449315916658,-0.3371266802517847,1.9110349956011143,0.613978048217216,0.0868878654828335,-1.59373425039925
88,-114.74789830362704,-0.0473862329281411,-1.052793895449633,1.8234186242261148,-0.7669890383350658,1.051808941485909
89,88.56236947741984,-0.8825011659902731,-2.162346604008585,-0.2446230647946123,-0.3215301859148353,-0.9785948949759038
90,243.03230436309616,-0.83505625216561,-0.4569250299602696,-1.8847209347715648,-2.329996381904025,2.0321714320558284
91,154.5248777735247,1.934413974363615,0.7011896051846616,-0.4707190799026411,-0.6220236897210442,1.792174007408599
92,-317.6167203720277,-0.5809416342484647,0.2238563800546448,2.0262851738676133,-0.7189917047126133,0.8541252987268093
93,-50.93379417495696,-0.6292314625327058,-1.4770920860172994,0.8771250516244461,1.2444665781586388,-0.7832715679125676
94,-56.06196585827404,-1.4071221614823743,2.749588392762585,-0.5229311877969649,-0.0370971548381696,0.19862235180228
95,32.12854371072092,-0.4714978022247776,-0.1845484378846947,0.4138066096526783,-0.7089914748763112,-1.3380217072420697
96,-40.050002531347,0.3292054528328879,0.4126790257098207,-0.9509447798695286,1.336342431010011,-1.1852930515487354
97,34.71631867041213,0.2437798807306599,0.7958544114801086,-0.7168377466260033,-0.1252043755389722,0.7910406017798954
98,93.94671608237672,-0.6753499687391114,0.1879119567993118,0.2966355469432361,-0.4773136249386294,-0.2849183154129852
99,299.27367482827265,0.4759194937307206,-0.4819693414772896,0.6674255813744754,-0.5333938954226697,-0.6012028794175948
100,183.40036067605328,-0.3559765230637765,-1.321261906007452,0.7703792346501546,1.012704232596553,-0.9851963457818154
101,-287.3045360233896,0.355429526084218,0.358039788503152,-0.8797052032662317,0.8162004467859307,-1.0713932002231998
102,145.0806748765721,-0.511537167062128,-0.8529310560847297,0.2311217594058018,0.6265685780728409,-0.6067304899973223
103,145.13537009454674,-0.6250982604533034,0.8268464108010455,0.3488384371472075,-0.3344486942726478,-1.2472635591265946
104,-2.506585217088156,0.1306097276497737,-1.693535786605621,0.5050036525702166,0.7837284713727987,-1.5237947968340346
105,130.93369531724244,1.2755470401960372,1.1757043597121024,0.9852431121669092,0.6682120934620789,1.0650174657566511
106,-62.21350909331499,-0.4560245613668787,-0.2595763098233103,-0.1326863814551717,1.1886522615470816,-0.0072083337092811
107,53.50208426115689,1.3808438046014395,-0.3921843994999245,0.3592674453049174,-1.672260952719988,0.2543878176072063
108,-115.02861398032329,0.7834177657221045,-0.2942230784484487,0.0642704917021892,-0.3962062362755017,1.0352891534915514
109,163.41792458375838,-0.0481638778438039,0.786229881620625,-0.5088016483846747,-1.537963396334294,0.6410063439992782
110,-59.33724510489727,-0.0789135088242877,0.6561210108133291,-1.6210979272261368,1.576309885793424,-0.1166008831539163
111,139.64552657698584,-1.6341027864029396,-0.3370466533491318,-0.2515262793774088,0.4435421489991782,-0.2632236815674701
112,178.0846706337913,-0.1328042765774537,0.2157944659595775,-1.18453146678537,0.781778954169711,1.181446284869497
113,-47.14159431723956,-0.6723800737844418,-0.2075951952887624,1.0444728988481062,0.3972008000895883,0.9353253311287127
114,-148.5403981704943,0.8335004004793555,0.6641276194470435,-0.8428986353624798,-0.5014436045647256,0.7804815234706227
115,-191.3500104794116,1.1082425486767482,0.8711973636581035,0.8710079135580289,0.4640873575741747,-1.308331672323379
116,45.920735564692464,-0.8106853262318021,-0.3827960797982991,-0.8174262407452478,0.186201040570788,1.3656921352157874
117,306.66385792014364,1.7691657290262368,1.5357252224859383,-0.2788184803706838,1.3834478377893495,0.7479123730353746
118,-178.0274142471309,1.832354128880304,0.6133251373504404,-0.1517561602648654,0.0907552802750953,0.5245648484947578
119,-34.5992567581907,-0.8165468795237272,-0.4760734182504187,-0.0312632496891415,0.8089124957873941,1.4818403085008784
120,-30.003248518245925,0.9185904444404988,0.4422128807866328,1.7509481537039318,-0.4495461907066993,-2.27102654280104
121,-99.6832234604368,1.8159885030452727,1.1659123307106554,-0.887826337579805,0.2863944709895344,-0.8315784912912825
122,-59.51007497951127,0.8844623915455975,-1.30302507541321,-0.2152325109469261,-0.4099711148922981,-0.940987084914196
123,-28.27132549991751,-0.1743737278927331,0.5887413185113343,1.299951431455243,0.5851032706879868,-0.3282998411102587
124,-287.2080379306892,0.5410165040416784,-0.5341759208644451,0.0329692104593964,-0.2374734403076224,-0.1413881990885566
125,37.74945518871581,1.0928100338104128,0.4181170298917835,-1.70030899744077,0.7761683231941404,-0.2059858453346688
126,308.2492022916402,-1.2960043159984362,-1.3199080183671974,-0.2266957148541684,-0.0604508271505136,-0.2700660697374562
127,189.49335273396568,-1.8563245729442617,-1.6299039364444392,-0.4409881799863147,1.077831289334543,0.8748447323712571
128,60.005810674940406,1.037909949133261,0.7545097038172341,-0.1186390206362199,0.8942992913124072,0.2186117438677425
129,147.27790968811087,1.0037475239047866,0.125887841468201,-0.571272600987102,-0.8119329125337643,-0.9924791910357826
130,0.7685803535105141,-0.3734412929546922,1.790173055894426,0.4189798441193456,0.291401037071227,0.9603757172419152
131,1.417815574594345,0.0079706548886597,0.0345886040492706,0.9624991694092208,-2.1971054626167392,1.113809216018563
132,-210.046156170455,1.3260106401946383,-1.003954629509669,-0.4855195459496961,-3.2146554969049794,0.0874742449242206
133,-53.377784136998855,-1.64882633812897,-0.2164415994601097,0.6461856470955174,-0.260393292895139,0.3549849096539449
134,96.65245248678195,-1.057731880315968,0.7901293879037624,0.8283684550481634,-0.5425503312663926,-0.4874946636858169
135,60.338104334861335,0.0152727728536041,0.5756984574590417,0.3608374166255954,-0.1808544894662269,-0.3078765073975988
136,-125.30695257491335,0.901626853014302,-0.516471358449972,0.4518887367376021,-0.3053512504355141,-0.6217864519116876
137,158.18915502791614,0.8528753543480282,1.918201002130068,-0.9897701953944456,-1.622121224098907,-0.0783849586595091
138,133.27402168262248,-0.334784511350828,-3.533473945308445,-0.580608612814494,-0.6642135623454716,-0.6028931379430768
139,-191.6944913262849,0.5283303642304684,0.3283811679362718,1.9501067957177336,-0.5606581973904687,-0.1851664705140057
140,37.700085881586105,0.9498344304783264,0.188114436743337,1.0910301209360975,-0.2896144173320971,-0.1050525194144929
141,-140.76319378537917,-0.1010965755153448,0.8653793487359505,-2.063558575137556,-1.0189234207243203,-0.4625909236581416
142,-68.1974422372266,0.8855149969635986,-1.2570669284545586,-0.102173459745344,-0.1474676148296025,-0.9886072657904766
143,199.20251271185225,1.7550683026988554,-1.8872518063438044,0.2118724339587737,-0.877449495254342,0.985882891204516
144,36.49628107541672,0.7955797516903381,0.6985751287266472,-2.464526794257796,-0.4767485269677524,1.5708602047540503
145,65.28921467786917,-1.3766497570329477,1.4373471827552389,1.6563033206935296,1.4686451824380784,0.7104962422752467
146,4.2904818828582725,1.2870028212277755,-2.747118211097012,-0.7458650111756782,0.468167777358562,-0.1229357621442982
147,279.4523330703074,1.2660711034058838,-0.5962574148596158,0.0467712583010894,-0.6161550454704103,-0.4237539502438066
148,-159.16207570381428,0.2451035352815816,-0.6669353200004507,0.6112846845218275,0.2018104051790692,1.3015812209973927
149,-73.68372279242267,-1.4920575707704296,0.7316129967702931,-1.623281276762671,-0.0508143654820366,0.0898405061620969
150,-126.52132562165777,0.5308947205862667,-0.1028189872149133,0.8495183489115984,-0.7610910627183802,0.2113569368020736
151,221.18004301971,0.1629609423187462,-0.6741183137076361,-0.0536167816900718,-1.866842836103772,-0.0767451232014219
152,49.037502568416,1.6289401988497392,-1.2186247586826782,-2.751859925775568,-0.5260454755118951,0.706075170847782
153,121.23367145102851,0.021382818566776,2.377011663757624,0.4802974820388898,2.0784497745452795,0.4732340933393302
154,-38.96413606515041,0.978059408346568,0.5891465599988681,-0.6077367416802457,-1.7161322466168147,-1.950240580635969
155,-121.946346376829,0.0229300251464144,1.141085588971996,-0.5067559048127896,1.866284823685446,0.4912283622964639
156,-8.014412571983826,-0.9536836524026004,0.1206348649293011,0.3568991242678846,0.8967597076199412,-0.7422596239332413
157,-153.00829691910823,-0.1669921504133809,0.4766429511099633,1.7534386397980706,-1.1103860992949786,-0.2039795185609153
158,218.20630192801,-1.130364526839319,0.2200378276364528,-2.363498960100251,0.089784309298221,-0.2095875939522117
159,-168.29659424336447,1.1850834750068877,0.8930851204743937,0.9578048960971408,-0.299866671504813,1.0096244373151233
160,190.21089371361592,0.1070588271367594,-1.622779097334854,1.0709060852990946,0.1716636203872368,0.685253597837802
161,336.34442871045314,0.1695345533744937,0.5100018361025003,-0.5224395306509613,-0.1297412880846926,0.8990708360333103
162,201.69268380638024,-1.9744867249223967,-0.8468309227187713,0.2002547874821072,-0.3919940406828477,0.2653575273362459
163,68.08662395706759,-0.4302700876475491,0.3167571797406655,-2.266692849982786,2.10973974368033,0.0218299974353814
164,17.452450163521313,-0.0501199484089731,-0.3694066679835026,-0.0711445520426421,-1.1035893232680871,-0.9284920296400002
165,326.64578174900834,-0.2055191251887324,-1.3892175941706926,0.9208583121577308,-1.3117092290994954,0.7078788483552203
166,267.9929166158128,0.4059013933416976,1.178523275652052,-1.0271072484152903,-1.365296166599602,-0.7766785772713799
167,121.68131979822964,-0.8029708059130379,-1.2217983235883922,-1.1646954979654605,-0.0830360402032893,-1.4494799877829467
168,-65.6680223087738,1.8725550243344005,-0.2668682222508691,-0.3833496496831999,0.6026954274274886,-0.0495852800676337
169,-89.58511071429987,1.2043025234299682,1.0124397760399513,0.6920451664706582,-0.3457062560760272,1.7568123141833647
170,-58.388048584195246,1.7192133729121095,-0.8096916618391495,-1.033448975585601,0.9733962554893284,0.5171174582501973
171,323.53816709947534,0.078983519935626,-0.7847184465514762,0.5325647809100377,0.3352813784588618,-0.3485704972587917
172,-150.40227961315864,0.3424944053878935,-0.7866017141441322,1.220688775675595,2.327492923023045,-1.1266111311928566
173,232.84433282863395,0.1959190925252378,-0.0372925911006937,-1.5526248683677637,1.6509957802778987,0.8702434812473814
174,-83.27772980682704,-0.8104699625970325,1.6891517900408444,-0.4743677426502844,0.208759265270597,-0.8086300389553541
175,-23.54111724059944,1.4260670891446845,-0.1133687451829388,-1.3231237506568845,-0.4114737268159076,0.0675968036587411
176,-204.86244715903908,1.2561954788475953,2.1210738653550942,-0.3679064298607564,-0.7257070603440987,0.632550831092415
177,-46.4935709600194,-1.323392257322214,-1.1603982830074016,-1.0931791192005802,-0.4877741448970683,0.2208717781292469
178,107.60839542916312,-0.0286492035464596,0.9101278618369658,0.7465903544976062,-0.6158171423301955,2.470667812487391
179,157.02334892884917,0.3261396583060744,-0.1749384530612164,-0.088640004851456,0.5410240737167374,-2.1144186578530744
180,132.79411959504952,-0.0409332573314009,-1.3800616902348903,-0.6678217791159821,-0.7152017147765259,0.2479996392344436
181,-135.7145902182718,1.96512354001002,0.9904086234330556,0.4068487306871877,0.1146910905074634,1.8092558208799283
182,2.32673318789799,1.5824938459484756,0.737695897049412,-1.4447347756163806,-1.410643545173615,-0.5933762031405715
183,-275.07500216293914,-0.3098313814824247,-0.9025935441990334,0.856638470025284,2.38520877421097,-0.7052314152631735
184,-296.8139293450023,0.3277040133959193,-0.0338468352892071,-0.3997965828020038,0.1498175760723478,0.4042380227861467
185,117.25876437319636,0.9294637847816132,-0.7772612709342004,-0.1608513659480283,-0.8072360027829525,-0.0860377486018963
186,54.44603967620214,-0.1874957696246136,-1.839669442477941,0.1313518786589756,1.7583984929521908,0.1121587163614905
187,-306.0408721555578,1.0300814090098307,-0.7929497137687067,-1.1535383092218627,0.0424159309000764,0.5071494841062663
188,-70.58618399504118,0.2920149123445323,0.6254338153886202,-1.4764322037105635,2.725039594703372,-1.4118529981817214
189,13.294148587541212,-0.0484455227439158,-0.8535611784657688,0.6984278211583996,-0.6177850940831724,0.1559070151971276
190,261.3613648465187,0.1454850471738707,-1.6917316937229874,2.2523416391272817,-0.4809468657132361,-0.038061277832194
191,-40.99624129655784,1.4748802180753942,0.1178377594468759,-0.4985627420728119,-0.707581107621956,2.606033828915501
192,43.87926749715727,-0.3568750602761271,-0.6945502719814479,0.0639086385886462,-0.2525484909577821,-1.024151408699718
193,103.1303278329373,0.6887814288984995,2.0481022490354865,-0.640995498057121,0.1115629019191492,0.3660315657311578
194,-19.559213189654244,-1.4112597928475008,-1.369762018792554,-0.3190190955975589,-1.29745755223481,0.8060455883580756
195,-148.75555313100477,-0.2136300606390987,-1.6648930339025074,-0.6781161638339335,0.7922437562971573,2.0447690826436378
196,-347.0864995028746,1.8490649350820505,-0.1595507803931761,0.4801685904943553,-0.0492317634919936,0.7746793821682507
197,-4.647227604888329,-1.873910839753685,-0.0626790675013397,-0.910262023228817,-1.1143647860117794,0.4021886945841436
198,-254.2649643003484,-0.084238035349327,1.736625350809445,0.2511252209715493,0.5659499219027445,0.5832102817049581
199,66.70457563589333,-0.910542173510092,0.9275930164037488,0.6700657550266611,-0.5039418678115851,-0.3090559265443724
200,-47.50433688260579,-0.2055475762004414,0.3265533357072642,-0.8158635298470042,-1.9821375269009425,-0.3646742421570237
201,-71.17205210029259,-1.7418150603705318,0.7366715662036258,1.5860445425292755,-0.5605979272379181,1.194263425766569
202,128.33511673985817,1.0018307386942615,-2.155853671172728,2.2975148646940164,0.2603174498975376,-0.9496895251104353
203,-70.7610315121145,-1.5468457703114853,0.5584006063305256,-0.2295210724711928,0.5132788228689928,-0.9925742830391064
204,-49.28796924431507,0.1720177289236119,0.7731985368440012,0.1750620251771141,0.0656842980832206,-0.9191441142219618
205,153.1270894832673,-0.4790223376902534,1.2495388913495435,-1.3905584612540622,0.604239105925758,-0.2793055852824834
206,-112.40093530149086,1.5703422167235404,1.1335378184141724,-0.0185469029623651,0.0128819716078951,-0.6477486400856632
207,6.354232245010638,0.3607974622109303,1.4710375198926116,-0.2261153593122037,0.6364518855183872,-0.1638115763586308
208,-193.3665707024154,0.3568809932065744,0.0736254133922914,-0.4302826309661698,0.6576317143302195,-0.0298031604957046
209,-95.96551290239452,1.0878728259007735,-0.5345331376677805,-1.044009786100872,-1.8053695580682525,1.4269165035857905
210,-208.97411045452995,-0.8408099201995064,-1.5420505789436538,0.3959788243850876,-0.2338584795284972,0.7603918069136221
211,90.45909119302696,-1.1825025765417962,0.6812584440050448,0.9964742924628692,-0.5119880306574599,-0.3179426079994809
212,203.26857419277624,0.5418807228248408,0.314161736395439,-0.7308600366441256,0.7519242330418932,-0.7317342356314132
213,113.51675935042697,-1.1254975609155276,0.6571994848084414,0.8362253899223585,0.2895996312537406,-0.323582851191781
214,159.64361785816942,1.167115044841662,-0.504495842897188,0.0450121929398579,0.8345166523725784,-0.6842423852741685
215,-258.8004618797405,-0.2467571745242765,1.402209323556678,1.6860122795524388,1.123718810345528,-2.0865229227585336
216,-175.87351286528553,1.9905966684452705,-0.7068127020365463,-0.9029808614129556,-0.2228735755379853,-0.9360163361923756
217,24.05364736769224,0.6726275326081821,-0.4679936808102056,-0.8191600295049071,-0.7839277405412444,-2.603813552689527
218,156.06986523137184,-0.0762064641666778,0.5529973314475418,1.0253351007233569,0.6828006153526336,0.9780708942598704
219,-167.37689045901448,1.7029151015894315,0.0757581890741125,-0.5774626919577508,-0.6626695896138072,0.4770315374106367
220,43.30726539984034,1.2062148874695553,0.5387540832904198,-1.519437248455102,-1.6907770663529524,2.336178614957344
221,-131.89999177958845,-1.4637864436947317,-0.3928234508072462,0.8612285243677857,-0.8801735661433865,-1.3038930065607153
222,-79.66747772211866,0.478305768345908,2.391542779444883,1.0060931456425832,-0.8962369063707806,2.8440503597130817
223,311.05962578802524,-1.9809035804455937,1.7554472823544152,-1.2159376799028363,-0.2343188830872145,-0.47474602484327
224,-117.76922056181684,1.972165537044588,-0.6088359735340706,0.3395474775982113,-1.2365824796366132,-0.9246905167467616
225,58.85463540252255,-0.3213023687759171,-0.6706566562550529,-1.3269856327972356,0.4184996746339083,0.1196990218003353
226,-162.96121216215738,-0.431446545947887,-0.5639743553517718,-0.0047943134432344,-0.007012302764168,-0.278020321791674
227,-169.93123688981052,-0.6025928055882889,0.8146281453120674,0.2075192460689483,-1.1214843575618962,0.3589969976518331
228,19.83394424816333,0.5381174394006643,-0.9368386238318396,0.0260820672251522,-0.7653737258277763,0.3735147209770404
229,-284.12070680576284,0.0375474865105745,2.476584161449852,-0.0545587054529026,0.1794107143571835,0.9346500630468874
230,-27.1383940906516,-1.792510887615803,-0.297071220822868,-0.8375723221627188,0.2292682954288672,0.1336622627272345
231,-100.7747220236739,0.0810828542197789,-2.678679482839885,0.3610394232303819,0.2889161124308195,0.4042168893204631
232,234.038039581103,-0.6175691493825124,1.5512179972564208,1.172157506165412,1.17687036683047,-0.2307185711911498
233,68.8155456465215,0.997557271614616,0.2029747373012886,-2.1138550475293725,-0.5808305242202817,0.4348330008885443
234,20.274132815559792,0.312048926777966,0.9769949698346936,-1.080062297078331,-2.2544123957175355,-0.8305770180576594
235,58.99207629794447,-0.3780902675946736,-1.240848122672574,1.0595642911674663,1.7011622949442118,0.7960017363790989
236,-193.15934996354832,0.0256720810446427,-0.4762689648626474,-0.0826886756523825,-0.908839597194778,0.4181693714085888
237,-81.3313425659711,-0.2946376892685278,-1.6935565509500112,-0.3387408205246095,0.1980674278018437,0.3254362331293328
238,-147.03596183447428,0.0441759709938448,2.250005334116926,0.6643726940116086,-0.5736490572334367,0.3758265219706417
239,74.66833092751197,0.1201841467027981,-0.5458633741895361,0.3030263570618973,1.9098617067520576,0.2962184268870043
240,-105.62903879185916,2.605239711696154,0.2670166893616649,-0.3308418851286014,1.0425650491936402,-0.2338474355005667
241,364.3046647516611,0.7199241189048845,0.4642911553135908,0.2475141375607621,2.8105980485474427,-0.2322033646049323
242,-87.23391473836934,-0.4328897691465162,-0.0075595524956471,1.2241521995228053,0.8531593128882363,1.5457216410046846
243,177.8119787143441,1.3475152971271271,-0.7376260107320246,0.3157280676745814,0.4980776114233965,0.4600653152334668
244,199.5060848482177,-0.2031843459127699,1.003176307274554,0.2317363752736123,1.04230441589723,-0.1852019238991769
245,-99.68060665887197,0.4886873460647095,1.5780545159077386,-0.8903905462997594,0.5652132743450393,-0.4768858140471074
246,-86.81565231847068,1.6911611662756945,-0.6049953295007846,0.0427467388293902,-1.5552053720794086,-1.2545044006202617
247,273.2084549416861,0.0544620808994897,2.636752115962612,0.3900741518701364,-0.659081596544712,0.1058599792547505
248,-320.5795405566957,-0.0957093905779418,0.1791078805586461,-0.088102827362193,0.3593438057228752,-0.6264906895304305
249,-64.49928158136208,0.6429804300996422,0.8801393334182362,1.005313953532177,0.0334804118312694,-0.9114052589122956
250,259.1113051596976,2.1719988050682475,-1.1352513594604854,0.7718241108513376,1.5394963551729082,1.1478526721005196
251,-36.703055558852974,0.264017977367561,0.0671450583649775,0.0599194298929759,-0.6208379586001012,-1.9634312978424195
252,-322.55110494693577,-0.1455010313381124,1.5551788532605977,0.2055820203080815,-2.2954492600343164,0.6957209621861626
253,343.9260149603056,-0.9396136545102216,0.1907502931563151,-0.7361830319704232,-1.2145928090498908,0.0569688394999581
254,-209.81146906341576,0.3273787366563038,-0.5418728906772619,-0.2564218790628481,-0.5665563487234508,-1.1795817376602673
255,74.05489628131365,-1.8594647754986664,0.91166568459566,-0.53884729011671,-0.8667667485129951,0.3700698680699884
256,170.57737777310777,1.069326728075645,1.083459962356594,-1.0416321823313346,-0.1137339128172854,-0.1277511975330632
257,-101.60185845727962,0.2934477324125084,0.5454075788941832,0.4380741720618683,-1.5754501646788923,0.6215642914618997
258,-61.33949381156207,-0.8103683679473077,0.91753907444812,0.3234110972339574,-0.929764924964548,-0.4805806359575439
259,309.068305322543,0.6594355578356338,-1.008561572217435,-0.2444105594986908,-1.154099650578069,0.8337220538505524
260,0.0131068302451916,-0.0393448514315155,0.5837525933292481,0.4190770010564221,0.5747640169082744,-0.3532872410874404
261,-177.03463407800123,1.1025330822658903,1.4660987118182809,-0.1034796225978263,0.1089508607011777,1.4900144106936826
262,-88.18005358843371,0.5604294346285043,0.0638342107161804,0.7069779856592834,1.758543058017528,-0.5692830986747287
263,201.2017270609,1.319745108625288,-1.0005331546544023,0.798410892770653,0.2341642772487864,0.1892092064758695
264,243.6061705239556,-0.9564035960034504,1.1628462314302035,1.939531327686,0.3333328265964491,0.054650367742237
265,175.01045450860366,0.8587831257289334,0.697046966937036,0.1748671813955567,-1.8993238142775088,-0.5999906773365233
266,57.13953202233576,1.051146462599739,-0.2877774601138446,-0.791832780394935,0.2768905164191143,-0.2392485814597935
267,20.46629808509276,1.4793120704231948,-0.5768599581603154,0.3258766879977753,-2.278588216610731,-1.1181959388067488
268,-73.50298242313836,0.3650836672738727,-0.7007361150876489,-0.8342438321984286,0.1080826772686787,1.0080870034355032
269,234.20939792621027,0.5612775484575145,-0.5081206920580583,-0.6902379890358228,1.180698519011392,-0.4109131217360578
270,-15.994671380773054,1.3646206740427385,-1.0272050778649546,-1.0115406381229233,0.4158439791192269,-0.7876742698031011
271,-66.44845600729973,-0.0506741204343883,-0.9485873145492048,1.6917800893947392,0.0904730184321852,-0.415304663008588
272,154.88225736385016,1.1907934017276527,0.4019515147856697,-0.295572332076473,-0.76673783386968,-0.7489163355109659
273,-71.4692070929038,-1.5207145661598191,-0.572464841732302,0.3124229127069003,-1.325498421594952,0.4415360011361131
274,-165.29459537210695,-0.4956123999883026,-0.0479089189976568,-1.350671962787004,0.6966451006756511,0.1925326250785934
275,-354.4011695153892,0.8981681797740181,0.9526430949386232,-0.7025158750493422,-2.5934652919394208,0.50654075146202
276,47.79268009634432,-0.2558283020014643,-0.6114027637580833,-1.1968814732853388,2.2695720001145987,1.0395038590371537
277,-136.80083734716175,-0.8926831553157248,-2.049035673212243,0.1624227859942628,0.3802880777327419,-0.2420573152200457
278,40.6467137842666,-0.6291002279313614,-0.970575175592399,0.7573795026389606,-0.2688952093513257,-0.493208285059787
279,-256.5693567415175,-0.1712974789193909,-1.4058852833899331,-0.5909320021549689,1.0931047369573632,0.8082946934199613
280,193.62634835607224,0.5380983410958438,-1.4071491816037212,-0.3758547649381734,0.5606169954386524,-1.7308392424579588
281,-72.52678015899187,1.1641367281488035,-0.8903649854414446,-0.5926715895733297,-0.1111512774066979,-0.6740908530007013
282,-235.8831390933538,0.8349629043633263,-0.1901167636318319,-0.3504396698311181,-0.0072501709421364,1.044086961914591
283,81.5909190765469,0.5867528361597778,0.9309810116539312,-2.407387191046514,-1.3450397114502015,-2.200611032168105
284,92.50883837112274,-0.7520271490105935,-0.2594383239557838,0.2873143271432447,0.365373738011487,-1.238587652807102
285,-264.7202466653254,-1.3449089237901786,2.986526763559351,-1.3668502626099477,0.7794621036524173,-1.8568201147510208
286,-110.05433200286087,0.1133607280237343,0.2111763537095776,-0.1920424779182966,-0.3569630038631717,0.94104763811465
287,-97.57394031046366,0.0156802177063464,-1.7296150315192893,0.3492106017958639,2.047043368862944,-0.8690683043740698
288,-13.833992314622195,0.0522717165704643,1.2177989585392426,1.9992137072020704,0.0580088898044002,0.2300084966489946
289,-35.7773394025526,-0.5478533988516112,-0.0324696795340194,1.6242991205710475,0.1114424326038791,0.907909348021183
290,166.17513958183275,0.8341691126381421,1.6561490379120394,0.8163805744319693,-0.9455956551798554,-1.0644666751383354
291,-50.13486410816013,0.7507488428019544,0.1629091547167942,-1.6364845479476775,0.262984668882694,0.3641782157494403
292,-340.17983608560445,-0.6159208900435045,0.4940168051911772,0.457918467873728,1.6745938613771756,-0.8680627813269846
293,59.49446814041063,1.6653891706027557,-0.8937180486916487,1.45034491760137,-2.932745594953335,-0.2106618283025091
294,68.94352689213693,-1.0399127273343731,0.202750454883318,0.2622037710002658,-0.3074522589879207,-1.3795749431326954
295,-99.08211890277688,0.4793270792221288,1.319908539984785,0.0692620080331006,-0.8405163199497254,0.3037924775680313
296,-74.81854916657008,0.2880895195546025,-0.7725635500780917,-0.5385968582823842,0.2181540906358099,-1.2425133605771157
297,35.73824043251534,1.144785211836945,0.4336915272635649,-0.4594804569469441,0.5829658867654403,0.7745476567499477
298,113.7871592195768,-0.1374051373803517,-1.0180493656136265,-0.4059138094087924,-0.5722403872960796,-0.2829230836072577
299,2.868551517273505,-0.9700337270620212,-0.3510358044927487,-0.3975057453022367,-0.4553756773613052,-1.0568832410619775
300,-28.32868453216817,-0.4686994206339531,0.8289755194792559,-2.1998304276992484,0.5982048263440682,0.932960261496822
301,-86.69845631005448,0.521764964085987,-0.0519612343339301,1.1965799673056643,0.2736438405728446,-1.5263137352621765
302,-20.72415615497492,-0.3102655191793655,1.051693315857743,-0.6951022483406961,0.6189097389598537,-0.2097314053094952
303,58.94438136764668,-0.0793676119836784,-0.395928645898732,-0.321811172851184,-0.0573069915769042,0.2439872206350683
304,161.44274873244336,0.4428290979875616,0.2431889040833351,2.025797666523198,-0.2268466524574806,-1.5577754842869846
305,42.75677355721261,-0.2880460795358372,0.9922244715908608,2.4316130245253844,-1.373842215015053,-0.394906058381377
306,212.3500776091824,-1.291627334516158,0.3438423874979383,-1.0944835477663637,-0.5551084497646912,2.1114237777436338
307,-380.2441770067927,1.7231677725005905,-0.587892634465999,-1.9063462265588087,0.5066128527911681,1.2383425683532387
308,-91.19252931505962,0.922595111897893,-0.8742389888048558,0.0840364503362128,-0.5661991522172992,-0.8045029957089435
309,-25.636734361354865,1.9875601173157016,0.816370929568529,1.3111843463724644,-0.6005146728124331,1.536805835743017
310,-180.9013298678454,-0.4394276895707594,0.6605998909807369,-0.9395690528997008,-1.8847833869788853,-0.3628162051989241
311,163.75622599079128,-0.2256343059269356,-0.6218100465438782,0.4360151283250386,0.0427931481490768,0.5238320618952153
312,-135.27904241176108,-0.1186925019032815,0.6437960746844851,-0.1843644446362044,-0.1455589538970337,-0.5726532118079325
313,83.96778365890914,-2.06323864049053,-0.4461469794769239,-0.2191997404431425,1.6501301832829869,-1.0021692379266345
314,-255.8615285256652,-1.2206601999612696,-1.6434634700297577,1.82946260256138,-1.5091215731506875,1.5341466548980636
315,84.43136015682485,1.617293716724769,0.7414208446853953,-0.4522861776773977,-1.3330974774824935,0.4833566137923777
316,110.6674707373098,1.1498589480053554,-0.4339873018552395,0.1958896508394021,0.1080778674784827,-0.9477456362390392
317,-99.40020637317124,-0.2330776820725319,-1.0332843815343642,0.4998800544735283,0.8463510722329859,-0.9698249667885572
318,137.91111017884154,-0.4414523781973469,1.1521173994714615,1.3754859874743408,-0.2488236490609828,-1.8239726558570408
319,108.60447685518616,-0.9612333183546848,0.200240333197375,1.7901063822041614,0.8512824555964387,0.1390238703827546
320,-182.11810201214885,-1.3821261131573288,-0.3319269392430648,-0.6735394167547548,-1.213461715771531,0.5523260919841924
321,-120.40322097501888,0.1670969464247066,1.9044245376440307,0.5058615275677121,0.0435808102578617,2.743497489644685
322,128.6429196618331,-0.2151327298626665,-1.2591095408297177,-0.1245835755590715,-1.326010808699086,0.4507143211593138
323,-33.86371047328098,-0.3115607167545824,1.7638689996668062,0.8047271205603128,0.0716471110050811,1.053963935851499
324,-158.5778081351653,-1.0535497714277011,-0.9055268635591344,-0.9734360406612232,0.1961633934895666,-1.03648113079296
325,239.1526443273096,1.5928402373593509,-0.5368508362083313,-1.841888590369971,1.238884429829597,0.5155517054825073
326,4.855412685636581,0.4247432060781672,0.5228675339513039,-0.5946971834843707,0.500659411053245,-0.7613356663204531
327,258.1548953974324,2.9698831656610323,1.2088627717380591,-1.4599241361724369,0.9068661059367924,-0.0901763767038421
328,-162.66862991166568,1.3038269784292378,1.2992218115209493,-0.5817644947579619,0.4644308727181462,0.1316268881399221
329,351.64555857481366,0.8707070951933608,0.5481454989868153,-0.2612799504292393,0.0921034871811189,1.3019299438812508
330,-115.65373521915168,-0.1281978495252098,-0.1089121061428459,0.0812976236577318,-0.264473843556839,1.1461326819243618
331,-131.05264547281226,0.2371992448813604,1.229797639996112,0.3978837466452833,-0.1092494350100835,-1.2781505622634384
332,-86.68142633083458,-1.325070401606855,-0.8854522619110238,1.2596013981514258,-0.4688048432664499,1.3300592093528796
333,-87.87638214390215,-1.387509944334126,-0.8647059665747495,-1.8036729470655293,-0.0810557675269381,0.1641538757972132
334,160.85491352691244,-1.0385975535868393,-0.726814545500314,-0.0502061904748027,0.652519757447702,-0.8425658819647753
335,15.312067420336152,-0.0245789891448597,0.9860580649010572,1.7048437295703258,0.837876089801316,-1.1602186333065303
336,17.397537668311838,0.0895273875789599,0.0476414528295136,0.9048898884028068,-0.6472976834621459,-0.0552215928595471
337,-100.28315929471648,-1.0686289389378634,-0.6205509165234697,-2.516508217398868,-0.5577807037088076,-1.855920251054948
338,-269.0083023935464,0.3891264855351137,-0.2899016443533488,0.8928441781282507,-1.0693852000448,0.2083470946992269
339,282.2815953384552,0.1125513543018247,-0.5257259595634942,2.113917913504236,-0.3561663468112179,1.963583363389351
340,-278.3139749749513,-0.3864273515999263,-0.0856636221948792,-0.3312746282387651,0.401043359683623,1.1907654141501576
341,-48.66118478561899,-0.92511957678099,-0.1242931846378164,0.2094385848426554,0.8218319005065531,-0.7297758668902177
342,21.84156185949666,0.7533211533266073,-0.044161446210483,0.9644876382883883,0.4555014234282079,-1.130821523807538
343,-13.891920356762023,1.1151712447849558,0.1149650461951828,-0.1177044895928088,-0.0287828785678097,-0.3946742614244198
344,153.43177636733117,-0.7718356595058907,-0.7288880988284997,0.6360386379458672,1.0868873738688332,-0.0592125861211971
345,-75.86877717502428,0.1741161243035277,-0.4804757127986705,1.3453556292741211,-0.1742354807503784,-2.291390361872109
346,-269.15288108224416,1.122572344239363,2.5719919742116244,0.8354389937964843,-0.036355810482712,0.0538592404330324
347,137.0842158856271,0.9226519238383456,-0.4453697939113568,-2.0794625421351123,0.8519941996711695,-1.2162494815241738
348,174.62497453902628,0.2077402234250936,-0.6458114765603904,0.2834201413803843,-0.7904277509028814,0.1539059267008574
349,-49.73796649179779,-0.0785265770849051,0.910535744600132,-0.3953590033169599,-0.8558078591210453,-1.3422834101013674
350,1.9319809840090785,0.432119328716605,-0.566849960348818,-1.4626267277217655,0.0101836434851558,0.3574685386408878
351,257.8715299845625,0.3589048419603957,-0.4404995772119118,0.110975565665889,1.7627803558142556,0.4039116925014127
352,61.39012501083912,0.1373317246443322,1.1668070600409437,-0.1960425851339414,-1.1749297386909934,-1.367502088451796
353,-203.7134724907704,0.814819191582528,-0.6261296677358725,0.2680801515324049,-0.7475902162619524,0.3974923205364316
354,-295.52518165961743,-1.0691640332381611,0.9593163417372658,0.2549712922643184,1.756144050868476,0.6107864369232291
355,108.85891368547888,1.9454787314939848,1.514532701195399,0.1401837981628823,0.122993316351105,-0.3843860833023866
356,8.834302137048747,-0.3856549815055238,0.0718823929144788,-1.7380228676164728,0.2592422777449203,-1.8969768303944472
357,-10.964571688031418,1.0091060466233983,1.0364719028198557,0.4221871143068137,0.3745370808071508,0.4320995188984308
358,-90.1621375446794,-0.1485431140023363,-0.5845381317268855,-0.8212906948742208,-0.1587816954413262,-0.7233937704026067
359,70.8994544194214,-1.7912144621695316,-1.8014785494734715,0.9076939840146272,-0.1910632995523146,0.2876115220495979
360,156.50496347733,0.4311496678736554,-0.1675151909028332,-0.6482469150369529,-0.4551525050298788,-0.54931123737253
361,-100.02213351342216,0.5253297880084101,-0.5999736653593634,2.136352003567195,0.4323045794814784,-2.3147175797500323
362,-42.92435600351215,-1.6823032772391828,-0.7553065968277762,-0.1632358350853497,-0.1904950532784025,0.4728575857994849
363,-117.9927818789366,-1.0269959118267622,0.0880475678829362,-0.2873329063846533,0.3655065306443659,0.4788755374166038
364,-75.65593714526733,1.2110317028952464,0.3449230168092588,-2.115901602314179,0.5950579110163249,-0.6559358619677818
365,-130.01371099330825,-2.0595761724026165,-0.4769433758351096,-0.0841221873459459,-0.2111853255838173,0.771896166781797
366,60.095778073189344,-1.0212277429393604,0.576529565956191,-0.0481804148695868,1.9503541450965265,2.847831722641991
367,-48.61574006882541,0.6573292719121141,0.2315426577637112,-0.6604815830003393,-1.2391596227421542,-0.2020436978612572
368,12.053693620539866,0.1834404680560635,1.1811170015103898,0.9702374410314708,-0.8392159565536046,-0.4270964299315489
369,11.396421955750396,-2.8617510190894286,-0.1526461008426361,-0.3900104786211684,-0.498521387447859,0.6369400872961605
370,-10.213645431021485,0.7218185965288487,0.9713880419607954,-1.4410254398554347,0.1968851696618994,-1.4283789340816926
371,64.56050676912136,-1.1044522151314629,-0.0691302805599864,0.2052194387154738,0.3281820438775065,0.086886804881088
372,101.08031616181025,0.6309689149363055,0.6468186039855575,-1.328222574859654,2.234812882207407,1.0137987364837049
373,-33.72200374383891,-1.0469649083807488,-1.6681775982160367,-1.0186536339714578,0.1812845488912987,-0.6886553806172327
374,142.43795179277657,-0.4156276992572034,-1.1455631609542214,-1.3790312492773122,-1.735670791495356,0.9265302339848296
375,175.7373992806517,0.3592162950776701,0.5574103331180531,-0.7134134206860614,0.7433409349167247,-0.791852359125831
376,27.857175265552176,-1.9985115129945288,-0.5412419408776253,0.2726634683344557,-0.0246641072717218,-0.0446405476563659
377,20.201087631201883,0.1922730973540523,0.245538319245731,0.7257422187447591,0.5754738351764546,0.2852121511230965
378,-126.15493174416385,-0.8641001777943529,-0.9954389753023428,-2.184896856366352,0.2311430511761724,-1.2761181575559777
379,-126.95217579921108,-1.3836708722878728,0.1274491185745007,1.5061748839687483,-0.1617376167393617,0.8166310339046287
380,-72.66136903707235,-0.5842541224796215,0.0136093975740101,1.93275106145344,-0.2328040666820271,0.0459105399975022
381,-57.3497098254227,-1.2740975602204,0.3725313911601398,-0.0973064456596168,-0.7194361450451324,-0.6668954597576184
382,-312.95601759048594,0.092133733207541,-0.2697153561036131,0.3278915950552314,1.08788455178658,-0.4485575196021807
383,-58.379474107815,-0.1253027018225668,0.0348857566195767,-1.315905367916326,0.2553419181844582,-0.6446160750796233
384,21.120070605887857,0.6761056259472105,-0.1832694612355713,-0.856868634887113,0.0312319337973354,-0.7874370376189731
385,-288.2123207244261,0.1480061838430534,-0.3212401546797842,0.9395937796835055,1.2616406086134957,-0.3041504135512411
386,-0.0819410902620583,-0.0392610501034112,-0.8947195023302691,0.398829125554431,-0.606954991625262,-0.734023504360006
387,207.19396335242303,0.4016767089448153,0.8250015857310308,-1.0348831664726552,-1.7900572764530351,0.7579223562855874
388,-213.9987996218988,0.1862861046565071,-0.2861777477508633,0.8304271013419443,0.3999992920164869,-1.6683839644546563
389,157.50431530431925,-0.5083802283826558,-0.4011768175804327,1.0776343302296136,-0.5936018037153825,-0.2521975074872346
390,1.3336071083558696,-0.1379574848369132,-1.2091876767940732,1.0780301803679735,-0.9208109900998808,0.5657954734409604
391,-68.5710555901146,-1.0722151376582192,0.3080517369852721,-0.5416006763653191,-0.9318767660278776,-1.540278254508235
392,-50.40545059698783,0.972890389476282,0.3516949613732936,0.0637927095662272,1.980769706135015,1.48177587757441
393,188.9328884248384,0.6359491395811877,-0.3455460964205085,-0.4235238705231755,-0.5535192630469394,0.2798766294286894
394,-136.20428260369647,-1.563289110222419,0.862196964183244,-0.4630012982237886,-0.3242007255351194,0.1195508621444518
395,312.6811071208061,-0.1600173699877894,0.0611513672355955,-0.764295629550741,0.8443002230331388,1.4648237692607549
396,-132.49491435780365,-1.3280089819216945,-0.28686890394999,0.6706192214886159,0.4426266950800363,-1.6510479765964547
397,347.3329192540888,0.7996758310234243,0.6498786435027663,-1.4241370621596985,1.0920146059336036,-0.6919165373308511
398,-126.13810758354686,0.4056804571623877,0.1587665984494124,-0.5518745380850585,-0.5820398632469891,1.4175643047325412
399,-333.73609269620727,-1.123908741417248,-0.7550799541181444,1.111650701718133,1.075024426976996,0.8705380655476181
400,-50.97699122934486,-1.2210340812943712,1.4227707479818743,-0.122943305805842,-1.598753914599101,1.1603523374005411
401,-13.2185186782318,0.6353251001606427,0.0848253884059766,0.9792201299634976,0.0906042034062715,0.787410865776476
402,-186.2123555213359,-0.2342218207206751,-1.1381232164641188,-1.954931085795108,-0.8020404396410309,-0.9401579482191674
403,217.9533530542174,0.2276270034472745,1.1057830094117256,2.07167905190475,0.7540518022158167,-0.8000511888012796
404,132.93207860570286,-0.0369998484912171,-0.6939663876286012,0.2976759635069239,-1.7132781735180316,2.202497549536893
405,-5.091330442775099,0.36460045843426,-1.4326343487018869,-1.6369948411923068,-0.7825893086738636,-0.7376528016939948
406,61.31082490175902,-0.4981304280116373,-1.0047125062458515,1.0476155194407168,0.2095499998541041,-0.5827556910732345
407,-211.57423079881733,-1.5272750173349927,0.3204714337335554,0.5217231071760259,-1.6748004940459622,1.0438714629201356
408,-106.73140121642068,0.3115760045474157,-0.1421246577220785,-0.0721126854320697,-0.2633804765525643,0.4915171081528691
409,-11.964494232980035,-1.4010637502070982,0.4143381536502634,0.4187502761595095,0.7112493751399077,1.100277643041157
410,148.181447042707,0.4287470514067406,-0.8969920949625463,0.2800859605973383,1.887150387648588,-0.117385011562132
411,-212.331972195422,1.1050118551669674,0.3472190533750421,1.066470331935118,1.2653814924541302,-0.2240567963004781
412,254.76843445771013,-0.2861703265952759,1.53002862495847,-0.3552157674181737,0.8973884553534915,-1.4940780816318415
413,-134.42359187957365,0.793246098885916,1.5020150360926965,1.0977760123281164,0.3574335519585845,0.1564539321031557
414,259.97561406106905,1.1368893167173244,-0.1828873906759995,1.0501363089013982,0.0620876677494323,0.3309350480681292
415,-82.33588695739458,-0.1631238917493808,1.1918863053958455,0.3677649242347569,2.508506662520043,1.2499733855219393
416,22.18224227372361,-0.6429590387307316,0.7118267367296938,0.5306485739911905,0.8113828398224918,0.7952604791003293
417,-120.03184335134722,-0.3388709415395917,-0.7789668071711536,-0.6576731818868627,-0.4527170513772865,-0.016567097121702
418,123.13156855430246,-0.0447946555666697,-2.266344142659766,-1.3109287267140703,0.7547218565034447,-0.6818296863899189
419,13.87656000049171,0.729836083106789,0.0612824386634807,-0.8167340848728026,0.4043769759220673,-0.786802483622322
420,92.54835812707915,0.0966963762016428,0.497531865442552,-0.4833810247703911,-0.8837954637546198,0.1556619676388337
421,-134.9921888078829,0.2530655408601354,-1.5092930089793406,0.1980720939428334,-0.4931297071640892,-0.2292726330302858
422,-58.19935523277461,0.2347993486983365,-1.317386317766556,-0.8003831082876864,-0.2198012885985348,0.3427866712072052
423,54.46296726165361,0.365295158941132,0.1677089617143436,0.942123583904901,-0.1292277721934008,0.4047069420726857
424,157.27272041999294,-0.961892181144749,1.5131551366473697,2.169458716177652,0.045560306374732,0.773345709488877
425,-154.87337764993913,-0.0999678540348176,0.8916198463442935,-0.6229210305287927,-1.1272749956491588,-1.042517822035553
426,-39.58553966826279,-1.6596733840705196,1.8642096813434,-1.3312461531974558,-0.6312132894017737,-1.8661347822461365
427,35.693136545102234,-0.0595063977017218,-0.4384462072042063,-0.5068237060259706,1.2178106937634308,-1.4134795421903816
428,-168.65928099510717,1.6637584641351018,0.142067448717378,-0.7483207278718275,0.5444858579558793,-0.0409100584154885
429,-165.95900907477792,2.18770487577695,0.6002291370600992,0.8811117660064619,-0.6041802308479995,-0.0504187960098271
430,-185.31549598826257,-1.4581779333484763,-0.4046432603149131,-0.3974042825462089,-1.6276589108527175,0.508702639957994
431,-112.38693782862632,0.2739946700190104,-0.618731769414974,0.7079248029087706,0.3742334724075576,-1.9568770762444003
432,117.78272255631832,1.3334469018818564,-0.2261895298955381,-0.393922096087136,0.2682339252725265,-0.9932811504344125
433,-157.5916533047761,1.4127680440657295,0.0715421732952192,-0.4389224611109538,0.1531386818780769,-1.379930747200776
434,-76.4088384620805,0.9296644624237194,-0.0846731670896781,-1.4601112920408577,1.2156818838406616,0.4006654901479413
435,117.93822118743552,0.9136590619376964,-0.7949404278688084,-0.910395101439088,-0.953653573490816,-0.906669152959537
436,-153.1541642059887,-0.3111987614052471,0.2748795126048352,-0.052074077039714,1.771145575065917,-1.2700653493062275
437,272.56019612009004,0.4168628954308858,-1.72207973409939,1.0791943730485718,0.4903558129698536,0.984815802919955
438,199.59310692282352,-0.8874374340903138,0.4977725172399064,-1.448770708761469,1.1312780329245915,-0.5612227435597577
439,88.64724551184226,2.4408167029477745,-1.3274255750581476,-0.0121651625628824,-0.2414608235883079,-1.0369035241231974
440,-87.89801201420642,-0.7370020772679962,-0.5091917767688688,-0.6192234068579333,0.2503692880561868,-0.8740124083322395
441,53.89039830142802,0.5161961681743231,1.8704957039290693,-0.3229431414158706,1.336144980136147,-1.5199582026249812
442,-126.63710820595162,-1.0886278828094924,1.1570162617047737,-0.938321970279975,0.1659563369969975,-1.0141232442257009
443,-78.46290945145907,0.7561009221742495,-0.5788672554868519,-1.098565156832205,-0.5712696875566204,-0.0529473750146287
444,-108.57156778550392,-1.4449137151969176,-0.6318083437088697,0.1338762550149104,-0.0542022190053682,-0.2625055480188098
445,-118.41163185724514,-1.959351991028739,-0.8777173132582438,-0.4863009767117136,0.3881006511288206,-1.4730153402403388
446,-156.03882805770257,0.2720530759853558,-1.018320537594904,0.4068228418928877,-1.5044766837270689,-0.5758682978173665
447,-85.9161477715604,0.6134385114726494,-1.4668839983304207,1.0328008720545263,1.2690243319788448,-0.2800172826769816
448,-87.70674355547867,0.2602499907091332,-0.0789546887111067,0.2820852957435397,-0.5982163890330635,0.0495662272329331
449,229.95863237014524,2.297811706468905,-1.1865368275976071,0.3668436236842932,-0.0124719589093065,-0.0219974114154706
450,-40.58015296318767,0.7913106876985195,-0.8734874497045312,0.2943195855547975,-1.3389721240428825,0.7068089579597175
451,-45.6735810859129,-0.7737797776299865,-0.1219958009807719,-0.6353159679776844,-1.781615838390208,1.093866162456234
452,-281.8387793814614,-1.0920197431466252,-0.1771364015007935,0.1239613820665667,-0.7220305821610927,-0.7669482149587493
453,-137.10765225987078,-1.3378667044350794,-0.8193330518896296,-1.0986272063926816,0.909369664053766,0.0181745569456181
454,-47.549771032754606,-0.668350553098799,-0.959902352418156,0.9607171044935996,-0.7800133739477612,-0.4931669764460347
455,-190.49840728499308,1.4081724330141516,0.8489862063910487,-2.075456336218886,-1.3248869540671069,-0.0018524946732814
456,-56.087015920663625,-1.5266809217692254,-0.1997249040076513,0.8024988807735454,-1.123088292799551,1.0075781154337335
457,301.3911268752999,1.2343090541682626,-0.109013693774121,-0.6111839454356253,-1.1277544632646224,3.031502480717478
458,224.4626090198652,-0.9473848945363552,-0.1873919576523563,0.6786591574348092,-1.2139269134812465,-0.1961822309428853
459,-110.11388798143943,-0.0958480745789058,0.6614160872856567,-0.5147678603339653,-0.0882273985381591,-1.5221996535314268
460,104.89825573556796,-0.5518785545637916,-1.1007045755636666,1.2618635098814743,1.130969632901104,0.0730411649791366
461,-154.69513827687632,1.8080088443421047,0.7742296517228253,-1.8935806902031629,0.0983684810987687,0.4811750991883949
462,-276.975545942771,-0.3221606331615517,-0.7269021191335187,-0.3558031023030202,1.4934784726043604,-3.353764242574366
463,208.176026371547,0.0167449114461127,-0.448081126211393,-0.8735020125578049,0.1768259118044761,0.5310303996795938
464,118.98894041873857,1.7956923283161084,-1.6268238219644922,1.6142053159795984,0.9414225904665784,0.3894539424924296
465,56.87003162772426,2.165754249015776,-1.656899446139957,-1.1377301388176064,0.9016303864056884,0.7685296689551254
466,-72.19608601001384,-0.5392426261080235,0.5320067986038307,0.0831208795079597,0.8948421750582535,-2.474559061400417
467,-219.00966488197355,0.5593469259352593,0.3780466942034011,-0.843721458987687,0.0882661761002288,-0.5950915691102024
468,93.05374671869396,-0.6354848479585073,-1.4653846290478487,1.1971590141981363,0.8378252458126291,-1.4213592171555405
469,-123.26005478251402,-0.7616614070069497,-0.4361833566228288,-0.9486161334425554,-1.4406727372284125,-1.2682418324263136
470,182.87567340154024,-0.788469655745035,-0.3156715187242132,-0.5521141181005825,-1.4042022937371397,-2.206988551133767
471,-62.93230627511916,-0.648914521964112,-0.7364441214813361,-1.0008878288090328,-0.6748727224647006,-1.2165959779054496
472,-112.642301247417,-1.5521200200004144,0.0671076627217142,-1.0441211991575308,0.8803701877820092,0.716056414147007
473,71.51385455611386,-0.2962128776028018,0.9920900112292608,-2.051990228687973,-0.0838217509537753,-0.7870473078900092
474,18.117836231757305,-1.0907655005827956,0.672660556286544,-0.8900838169782022,0.5528042306212102,-1.0475459199751371
475,42.84597933565057,1.999564024321065,0.6943794310970406,-0.2745507911935262,1.962560337895172,0.5570232343411498
476,281.3848011989217,-0.1749904505945345,1.717194935414809,-0.3983863156002593,0.8134677177558586,0.718156784052976
477,357.8703850072417,0.9711789599301528,-0.4115173755926538,-1.3265349672581306,-1.079028874281304,-0.9365399390746992
478,-485.9141050124232,-0.4094967727475584,-0.5941133993245034,-0.1560678880910045,0.0052114828506329,-0.6803999050658536
479,152.85340681907655,0.1173032440720772,-0.2488841786784268,-0.689586607496545,-1.248433245752988,0.0188595341195201
480,-321.4294926816029,2.148379454417188,-1.0253589445388482,-2.4961784524563613,0.0136176392131377,-0.6304002343306927
481,-326.18914681476,0.8627063358975015,-0.2727267506606453,-0.890906051393389,0.318032027102317,0.7650397055676433
482,165.66439957453707,1.141823714595952,-2.160247586905429,-0.4849676727273382,0.6265986939382125,-2.7508854293911007
483,212.20582505896223,0.694809736397649,-2.4978597593524685,2.3129064643959576,1.6544415758064892,-0.0554075608901751
484,86.89305798599744,-0.6032175684019275,0.7690099800375477,-0.0633741002545856,0.3104634303232557,-0.2679438553007117
485,23.648715554610472,1.021890094782259,-0.7945594406200019,-1.0293094552084705,-1.675133948751049,0.3219898920196782
486,49.96384616411235,-0.4674363238256221,-0.7805850828361691,1.5646260289286504,-0.969855669682192,2.1075084334025167
487,99.90782084102796,0.3352208841966543,0.0491287750615261,0.6164602574829998,-0.0193100073534754,0.8829460082852848
488,-113.95302426867924,1.6391140309978318,-2.279536932727943,-0.1144104584060178,-1.2009593866837334,-1.3578360108805094
489,-33.73806798270881,-1.4763712398691646,0.1100424266090105,0.8056402890711439,-1.1844155026414214,-1.487692096082776
490,-37.987640390422186,-0.5099200188617703,0.9670360486484948,0.190206806372951,-0.2107726757590426,-0.199300195327919
491,331.0938284428421,0.4219886568958571,-0.0973451316929186,-1.2436138786164403,-0.6318231317449571,0.5636872660471943
492,47.01202858958018,-0.121841441967904,1.960093165606501,0.170362764209611,0.4952511272964495,-2.277015119266428
493,50.47574545676234,-0.5679382889270174,-1.688177906847217,0.7561048093026316,0.2050845351922632,-0.5759517251867536
494,234.8751390667443,1.5793657234600835,0.4568084330077478,-0.5717892338452525,0.4410523328936474,0.3099506557778363
495,-47.64562498749671,0.2703162752299171,0.4843304571840664,-0.1835771860006943,-0.4772409235913414,0.2460886596781726
496,-97.82361205953347,-1.8600268068489385,-0.0965205584019694,0.3070040839567542,0.1920585533349105,-0.534729911242197
497,18.574557049952336,0.245938255785349,-0.5479670858819742,-0.112602726930517,-0.7147750365018731,1.2442611551727658
498,318.1997555600896,-0.1133373443358827,-0.9811711512043668,-0.9445133667337984,-0.1372531669412962,-0.6704932085938525
499,160.5665047660042,-0.3086729744469093,1.0496023995534762,0.6278352960506722,0.0631923023231756,0.4797017952313403
